"","lon","lat","year","flag_country_iso3c","flag_country_name","gear","length_category","eez_sovereign_iso3c","eez_sovereign_name","fao_fishing_id","fao_major_fishing_area","nom_active_fishing_hours","eff_active_fishing_hours","sector","nom_active_fishing_days","eff_active_fishing_days"
"1",-175,-10,1999,"COK","Cook Islands","Lines_Longlines","24-50m","NZL","New Zealand",77,"Pacific, Eastern Central",528022.477924631,1552198.74572209,"Industrial",46828.7324574465,137659.858856575
"2",-174,-11,1999,"COK","Cook Islands","Lines_Longlines","24-50m","NZL","New Zealand",77,"Pacific, Eastern Central",441495.177723853,1297839.18252649,"Industrial",38231.729663318,112387.720809603
"3",-173,-12,1999,"COK","Cook Islands","Lines_Longlines","24-50m","USA","United States",77,"Pacific, Eastern Central",214165.042063883,629569.239127217,"Industrial",19321.3883306425,56798.0265732427
"4",-172,-12,1999,"COK","Cook Islands","Lines_Longlines","24-50m","USA","United States",77,"Pacific, Eastern Central",206946.705912826,608349.891867781,"Industrial",19790.5920258675,58177.3189663981
"5",-167,-12,1999,"COK","Cook Islands","Lines_Longlines","24-50m","NZL","New Zealand",77,"Pacific, Eastern Central",285556.335868507,839434.313687229,"Industrial",25307.1245634758,74393.9673925526
"6",-175,-10,2001,"COK","Cook Islands","Lines_Longlines","24-50m","NZL","New Zealand",77,"Pacific, Eastern Central",284503.376652338,873200.828756766,"Industrial",25231.752558826,77441.56679123
"7",-175,-9,2001,"COK","Cook Islands","Lines_Longlines","24-50m","NZL","New Zealand",77,"Pacific, Eastern Central",168447.277962483,517000.200311868,"Industrial",14771.910547222,45338.1069986996
"8",-170,-10,2001,"COK","Cook Islands","Lines_Longlines","24-50m","NZL","New Zealand",77,"Pacific, Eastern Central",355524.262301554,1091178.89614441,"Industrial",33745.2596014915,103571.314327992
"9",-170,-9,2001,"COK","Cook Islands","Lines_Longlines","24-50m","NZL","New Zealand",77,"Pacific, Eastern Central",291104.916361918,893462.345555983,"Industrial",26888.0981733197,82525.2405960963
"10",-169,-10,2001,"COK","Cook Islands","Lines_Longlines","24-50m","NZL","New Zealand",77,"Pacific, Eastern Central",442173.10014752,1357122.44278416,"Industrial",38351.0996587488,117707.608253364
"11",-169,-9,2001,"COK","Cook Islands","Lines_Longlines","24-50m","NZL","New Zealand",77,"Pacific, Eastern Central",185999.654137297,570872.142370492,"Industrial",16211.5946876903,49756.8010732557
"12",-175,-9,2002,"COK","Cook Islands","Lines_Longlines","24-50m","NZL","New Zealand",77,"Pacific, Eastern Central",3467135.91784696,10873352.7986083,"Industrial",304048.971601088,953533.929620409
"13",-169,-9,2002,"COK","Cook Islands","Lines_Longlines","24-50m","NZL","New Zealand",77,"Pacific, Eastern Central",3950131.2086339,12388083.7815385,"Industrial",344290.565563627,1079736.37991395
"14",-175,-9,2003,"COK","Cook Islands","Lines_Longlines","24-50m","NZL","New Zealand",77,"Pacific, Eastern Central",1387504.2373717,4446239.25654409,"Industrial",121676.578726972,389911.011704471
"15",-170,-9,2003,"COK","Cook Islands","Lines_Longlines","24-50m","NZL","New Zealand",77,"Pacific, Eastern Central",2407907.84105937,7716109.31389929,"Industrial",222408.000633755,712703.541187366
"16",-169,-10,2003,"COK","Cook Islands","Lines_Longlines","24-50m","NZL","New Zealand",77,"Pacific, Eastern Central",3567259.64600877,11431237.0724103,"Industrial",309399.938953936,991468.074472487
"17",-169,-9,2003,"COK","Cook Islands","Lines_Longlines","24-50m","NZL","New Zealand",77,"Pacific, Eastern Central",1451210.9252005,4650386.5079178,"Industrial",126486.489637945,405324.308570042
"18",-174,-11,2004,"COK","Cook Islands","Lines_Longlines","24-50m","NZL","New Zealand",77,"Pacific, Eastern Central",350107.594355299,1146372.97791937,"Industrial",30317.9277505916,99271.3488086153
"19",-173,-12,2004,"COK","Cook Islands","Lines_Longlines","24-50m","USA","United States",77,"Pacific, Eastern Central",251569.801256729,823726.26835564,"Industrial",22695.9440976083,74314.3463362378
"20",-171,-13,2004,"COK","Cook Islands","Lines_Longlines","24-50m","USA","United States",77,"Pacific, Eastern Central",220430.620030897,721765.852508159,"Industrial",22366.3144769242,73235.0253047421
"21",-170,-14,2004,"COK","Cook Islands","Lines_Longlines","24-50m","USA","United States",77,"Pacific, Eastern Central",279755.08710861,916014.612271824,"Industrial",32460.0692922396,106285.458807417
"22",-169,-14,2004,"COK","Cook Islands","Lines_Longlines","24-50m","USA","United States",77,"Pacific, Eastern Central",240949.048477417,788950.261814608,"Industrial",25164.625083118,82397.6590621529
"23",-168,-12,2004,"COK","Cook Islands","Lines_Longlines","12-24m","NZL","New Zealand",77,"Pacific, Eastern Central",392211.333239172,1284235.13602173,"Industrial",32476.7739174155,106340.155509849
"24",-168,-12,2004,"COK","Cook Islands","Lines_Longlines","24-50m","NZL","New Zealand",77,"Pacific, Eastern Central",410200.666972415,1343138.41722743,"Industrial",35099.3966860144,114927.526711363
"25",-168,-11,2004,"COK","Cook Islands","Lines_Longlines","12-24m","NZL","New Zealand",77,"Pacific, Eastern Central",371037.10901227,1214903.42521773,"Industrial",30844.3867695538,100995.157155108
"26",-168,-11,2004,"COK","Cook Islands","Lines_Longlines","24-50m","NZL","New Zealand",77,"Pacific, Eastern Central",496643.809108582,1626183.06941164,"Industrial",42720.4289542302,139881.414021982
"27",-167,-13,2004,"COK","Cook Islands","Lines_Longlines","24-50m","NZL","New Zealand",77,"Pacific, Eastern Central",442295.449489047,1448227.80118386,"Industrial",37985.9730367988,124379.172949811
"28",-167,-12,2004,"COK","Cook Islands","Lines_Longlines","12-24m","NZL","New Zealand",77,"Pacific, Eastern Central",373389.157620333,1222604.84332607,"Industrial",31300.5603687071,102488.826803356
"29",-167,-12,2004,"COK","Cook Islands","Lines_Longlines","24-50m","NZL","New Zealand",77,"Pacific, Eastern Central",357311.066988035,1169959.63101256,"Industrial",31666.3107917821,103686.419796012
"30",-167,-11,2004,"COK","Cook Islands","Lines_Longlines","24-50m","NZL","New Zealand",77,"Pacific, Eastern Central",395650.377488055,1295495.75264459,"Industrial",36449.1386182042,119347.047176425
"31",-166,-14,2004,"COK","Cook Islands","Lines_Longlines","12-24m","NZL","New Zealand",77,"Pacific, Eastern Central",242215.324791604,793096.487068125,"Industrial",20419.0095458453,66858.8775468831
"32",-166,-14,2004,"COK","Cook Islands","Lines_Longlines","24-50m","NZL","New Zealand",77,"Pacific, Eastern Central",173823.605081566,569158.415877761,"Industrial",15202.6258076028,49778.6386249286
"33",-166,-13,2004,"COK","Cook Islands","Lines_Longlines","12-24m","NZL","New Zealand",77,"Pacific, Eastern Central",297654.931906316,974624.87584759,"Industrial",24925.181278831,81613.6374888127
"34",-166,-13,2004,"COK","Cook Islands","Lines_Longlines","24-50m","NZL","New Zealand",77,"Pacific, Eastern Central",224704.230616445,735759.127068352,"Industrial",19820.1798122967,64898.1025280523
"35",-165,-15,2004,"COK","Cook Islands","Lines_Longlines","24-50m","NZL","New Zealand",77,"Pacific, Eastern Central",239062.354938118,782772.576651707,"Industrial",20990.6204280748,68730.5286616758
"36",-165,-14,2004,"COK","Cook Islands","Lines_Longlines","12-24m","NZL","New Zealand",77,"Pacific, Eastern Central",335706.449311457,1099218.66365847,"Industrial",27908.8622320218,91383.2376763469
"37",-165,-14,2004,"COK","Cook Islands","Lines_Longlines","24-50m","NZL","New Zealand",77,"Pacific, Eastern Central",266680.641562517,873204.3696008,"Industrial",23144.3002158506,75782.4188565849
"38",-165,-13,2004,"COK","Cook Islands","Lines_Longlines","12-24m","NZL","New Zealand",77,"Pacific, Eastern Central",260245.603262787,852133.835463226,"Industrial",21853.1040810254,71554.5975181668
"39",-165,-13,2004,"COK","Cook Islands","Lines_Longlines","24-50m","NZL","New Zealand",77,"Pacific, Eastern Central",199183.25045238,652194.6386031,"Industrial",17861.8319445723,58485.7963881091
"40",-165,-12,2004,"COK","Cook Islands","Lines_Longlines","24-50m","NZL","New Zealand",77,"Pacific, Eastern Central",382756.023603416,1253275.19216718,"Industrial",38918.6469521546,127433.068926398
"41",-164,-14,2004,"COK","Cook Islands","Lines_Longlines","24-50m","NZL","New Zealand",77,"Pacific, Eastern Central",468287.080547071,1533333.3629522,"Industrial",43357.4293391439,141967.172914285
"42",-164,-13,2004,"COK","Cook Islands","Lines_Longlines","24-50m","NZL","New Zealand",77,"Pacific, Eastern Central",317308.629887736,1038977.85945989,"Industrial",30934.423483709,101289.968401114
"43",-164,-12,2004,"COK","Cook Islands","Lines_Longlines","24-50m","NZL","New Zealand",77,"Pacific, Eastern Central",362375.564184995,1186542.54102922,"Industrial",34037.3390840769,111449.983934557
"44",-163,-14,2004,"COK","Cook Islands","Lines_Longlines","24-50m","NZL","New Zealand",77,"Pacific, Eastern Central",342650.955930466,1121957.37273353,"Industrial",33479.0042464484,109621.803167251
"45",-163,-13,2004,"COK","Cook Islands","Lines_Longlines","24-50m","NZL","New Zealand",77,"Pacific, Eastern Central",312599.960265618,1023560.05160946,"Industrial",32595.0334855878,106727.378110898
"46",-163,-12,2004,"COK","Cook Islands","Lines_Longlines","24-50m","NZL","New Zealand",77,"Pacific, Eastern Central",371329.692006432,1215861.44282064,"Industrial",34195.9865555959,111969.450456555
"47",-162,-14,2004,"COK","Cook Islands","Lines_Longlines","24-50m","NZL","New Zealand",77,"Pacific, Eastern Central",335366.26486399,1098104.78248488,"Industrial",30370.8491737655,99444.631794925
"48",-173,-12,2007,"COK","Cook Islands","Lines_Longlines","24-50m","USA","United States",77,"Pacific, Eastern Central",8340538.24862632,29135077.8180057,"Industrial",752460.704302136,2628487.57733888
"49",-169,-10,2008,"COK","Cook Islands","Lines_Longlines","24-50m","NZL","New Zealand",77,"Pacific, Eastern Central",5895551.41414257,21043231.5292412,"Industrial",511340.196297844,1825147.36706237
"50",-169,-9,2008,"COK","Cook Islands","Lines_Longlines","24-50m","NZL","New Zealand",77,"Pacific, Eastern Central",2281259.03510222,8142590.68942595,"Industrial",198832.879696698,709702.287227342
"51",-178,-4,2009,"COK","Cook Islands","Lines_Longlines","Over 50m","KIR","Kiribati",71,"Pacific, Western Central",7230828.06529331,26371931.3033356,"Industrial",951470.186703589,3470156.69219914
"52",-169,-9,2009,"COK","Cook Islands","Lines_Longlines","24-50m","NZL","New Zealand",77,"Pacific, Eastern Central",7444767.66070233,27152201.5935767,"Industrial",648880.539155417,2366566.15924996
"53",-175,-10,2013,"COK","Cook Islands","Lines_Longlines","24-50m","NZL","New Zealand",77,"Pacific, Eastern Central",2545605.23112623,10120653.3302339,"Industrial",225762.105392229,897570.43858981
"54",-174,-10,2013,"COK","Cook Islands","Lines_Longlines","24-50m","NZL","New Zealand",77,"Pacific, Eastern Central",2036138.603265,8095148.72297572,"Industrial",177682.618592242,706419.11149148
"55",-163,-13,2013,"COK","Cook Islands","Lines_Longlines","24-50m","NZL","New Zealand",77,"Pacific, Eastern Central",1715092.39333106,6818753.87824582,"Industrial",178833.976639028,710996.606661597
"56",-163,-12,2013,"COK","Cook Islands","Lines_Longlines","24-50m","NZL","New Zealand",77,"Pacific, Eastern Central",1828457.57408592,7269463.86269683,"Industrial",168383.816233679,669449.531956268
"57",-174,-10,2014,"COK","Cook Islands","Lines_Longlines","24-50m","NZL","New Zealand",77,"Pacific, Eastern Central",2212872.9742671,8989589.84595977,"Industrial",193105.255236206,784472.069504038
"58",-173,-12,2014,"COK","Cook Islands","Lines_Longlines","24-50m","USA","United States",77,"Pacific, Eastern Central",937710.132357586,3809359.86038116,"Industrial",84597.6609172973,343670.098743901
"59",-172,-12,2014,"COK","Cook Islands","Lines_Longlines","24-50m","USA","United States",77,"Pacific, Eastern Central",969336.14028698,3937837.56473041,"Industrial",92698.919771304,376580.706438223
"60",-170,-14,2014,"COK","Cook Islands","Lines_Longlines","24-50m","USA","United States",77,"Pacific, Eastern Central",1245435.34530059,5059464.80620817,"Industrial",144508.24835856,587051.266479401
"61",-180,-4,2015,"COK","Cook Islands","Lines_Longlines","Over 50m","KIR","Kiribati",71,"Pacific, Western Central",179934.893763041,746903.823496987,"Industrial",23671.2807627932,98258.7075749975
"62",-180,-3,2015,"COK","Cook Islands","Lines_Longlines","Over 50m","KIR","Kiribati",71,"Pacific, Western Central",136116.396928215,565014.684923773,"Industrial",17219.7262168197,71478.5169343052
"63",-179,-5,2015,"COK","Cook Islands","Lines_Longlines","Over 50m","High seas","High seas",71,"Pacific, Western Central",155278.589241612,644556.31471076,"Industrial",21848.2801494629,90691.4920124236
"64",-179,-4,2015,"COK","Cook Islands","Lines_Longlines","Over 50m","High seas","High seas",71,"Pacific, Western Central",137539.623118666,570922.45001101,"Industrial",16882.5928226149,70079.0873078778
"65",-178,-6,2015,"COK","Cook Islands","Lines_Longlines","Over 50m","KIR","Kiribati",71,"Pacific, Western Central",284016.379309293,1178942.6453395,"Industrial",42531.4890125678,176546.811450264
"66",-178,-5,2015,"COK","Cook Islands","Lines_Longlines","Over 50m","KIR","Kiribati",71,"Pacific, Western Central",241707.849092687,1003321.32851511,"Industrial",34311.1145847576,142424.307680684
"67",-178,-4,2015,"COK","Cook Islands","Lines_Longlines","Over 50m","KIR","Kiribati",71,"Pacific, Western Central",345066.301226694,1432358.86245383,"Industrial",45405.6292154364,188477.27286269
"68",-177,-8,2015,"COK","Cook Islands","Lines_Longlines","12-24m","KIR","Kiribati",71,"Pacific, Western Central",1728915.54419804,7176671.53634727,"Industrial",140032.928927991,581272.080386676
"69",-177,-8,2015,"COK","Cook Islands","Lines_Longlines","24-50m","KIR","Kiribati",71,"Pacific, Western Central",204865.228489832,850388.822649077,"Industrial",17862.4477517568,74146.4328779495
"70",-177,-7,2015,"COK","Cook Islands","Lines_Longlines","Over 50m","KIR","Kiribati",71,"Pacific, Western Central",163731.389937484,679643.612271395,"Industrial",24384.5801298345,101219.589777439
"71",-177,-6,2015,"COK","Cook Islands","Lines_Longlines","Over 50m","KIR","Kiribati",71,"Pacific, Western Central",536781.771964302,2228163.47334835,"Industrial",82799.4776446913,343697.907298711
"72",-177,-5,2015,"COK","Cook Islands","Lines_Longlines","Over 50m","KIR","Kiribati",71,"Pacific, Western Central",200565.179318347,832539.460025523,"Industrial",31365.2835885611,130196.260144043
"73",-177,-4,2015,"COK","Cook Islands","Lines_Longlines","Over 50m","KIR","Kiribati",71,"Pacific, Western Central",404603.298020571,1679494.97716116,"Industrial",63118.6171161527,262003.302816744
"74",-176,-8,2015,"COK","Cook Islands","Lines_Longlines","24-50m","KIR","Kiribati",71,"Pacific, Western Central",214250.372540787,889346.246799165,"Industrial",18760.4377053026,77873.9596279776
"75",-175,-10,2015,"COK","Cook Islands","Lines_Longlines","24-50m","NZL","New Zealand",77,"Pacific, Eastern Central",492160.904206369,2042943.71947425,"Industrial",43648.2768682146,181182.561092666
"76",-175,-9,2015,"COK","Cook Islands","Lines_Longlines","24-50m","NZL","New Zealand",77,"Pacific, Eastern Central",188447.284673239,782238.478076549,"Industrial",16525.8024097009,68598.0620435756
"77",-175,-8,2015,"COK","Cook Islands","Lines_Longlines","24-50m","NZL","New Zealand",77,"Pacific, Eastern Central",164076.363536501,681075.586330027,"Industrial",14402.2543955302,59783.2841092174
"78",-174,-10,2015,"COK","Cook Islands","Lines_Longlines","24-50m","NZL","New Zealand",77,"Pacific, Eastern Central",321118.34185459,1332951.67107532,"Industrial",28022.2317710737,116319.362048234
"79",-174,-9,2015,"COK","Cook Islands","Lines_Longlines","24-50m","NZL","New Zealand",77,"Pacific, Eastern Central",316728.511283838,1314729.62881754,"Industrial",27967.709003167,116093.039832651
"80",-170,-10,2015,"COK","Cook Islands","Lines_Longlines","24-50m","NZL","New Zealand",77,"Pacific, Eastern Central",811704.3244354,3369357.94270253,"Industrial",77044.455335914,319808.999056172
"81",-170,-9,2015,"COK","Cook Islands","Lines_Longlines","24-50m","NZL","New Zealand",77,"Pacific, Eastern Central",474314.501133749,1968863.88753147,"Industrial",43810.3726687242,181855.415427039
"82",-169,-10,2015,"COK","Cook Islands","Lines_Longlines","24-50m","NZL","New Zealand",77,"Pacific, Eastern Central",1791618.92803525,7436951.21948582,"Industrial",155392.890333349,645030.774781639
"83",-169,-9,2015,"COK","Cook Islands","Lines_Longlines","24-50m","NZL","New Zealand",77,"Pacific, Eastern Central",185168.128185674,768626.807392863,"Industrial",16139.1194900211,66992.9539672614
"84",175,-4,2015,"COK","Cook Islands","Lines_Longlines","Over 50m","KIR","Kiribati",71,"Pacific, Western Central",272555.49848992,1131368.906163,"Industrial",39737.1898412566,164947.767532772
"85",176,-4,2015,"COK","Cook Islands","Lines_Longlines","Over 50m","KIR","Kiribati",71,"Pacific, Western Central",191880.949556554,796491.508027111,"Industrial",27012.0326091205,112126.058566198
"86",176,-3,2015,"COK","Cook Islands","Lines_Longlines","Over 50m","KIR","Kiribati",71,"Pacific, Western Central",378562.192199293,1571399.20374427,"Industrial",58743.4981859519,243842.32809483
"87",177,-1,2015,"COK","Cook Islands","Lines_Longlines","Over 50m","KIR","Kiribati",71,"Pacific, Western Central",82526.9871422023,342566.808188809,"Industrial",12485.1816887496,51825.5783820461
"88",177,0,2015,"COK","Cook Islands","Lines_Longlines","Over 50m","KIR","Kiribati",71,"Pacific, Western Central",170862.586773731,709244.975696304,"Industrial",25263.4457600575,104867.732090614
"89",178,-2,2015,"COK","Cook Islands","Lines_Longlines","Over 50m","KIR","Kiribati",71,"Pacific, Western Central",287974.741127428,1195373.67500206,"Industrial",42573.7006806815,176722.030695687
"90",178,-1,2015,"COK","Cook Islands","Lines_Longlines","Over 50m","KIR","Kiribati",71,"Pacific, Western Central",158640.23168232,658510.381871858,"Industrial",23441.5866528856,97305.254882544
"91",178,0,2015,"COK","Cook Islands","Lines_Longlines","Over 50m","KIR","Kiribati",71,"Pacific, Western Central",338845.694226735,1406537.32747763,"Industrial",52325.8023679812,217202.683920001
"92",178,1,2015,"COK","Cook Islands","Lines_Longlines","Over 50m","KIR","Kiribati",71,"Pacific, Western Central",180318.820148985,748497.489292462,"Industrial",27807.7169083899,115428.917911554
"93",179,-4,2015,"COK","Cook Islands","Lines_Longlines","Over 50m","KIR","Kiribati",71,"Pacific, Western Central",849301.02913297,3525420.62683362,"Industrial",134070.906112474,556523.91985173
"94",179,-3,2015,"COK","Cook Islands","Lines_Longlines","Over 50m","KIR","Kiribati",71,"Pacific, Western Central",538674.640815711,2236020.70966827,"Industrial",83942.2853039851,348441.664289905
"95",179,-2,2015,"COK","Cook Islands","Lines_Longlines","Over 50m","KIR","Kiribati",71,"Pacific, Western Central",516082.755943338,2142242.53891835,"Industrial",80433.3787551788,333876.308661617
"96",179,-1,2015,"COK","Cook Islands","Lines_Longlines","Over 50m","KIR","Kiribati",71,"Pacific, Western Central",330903.736205142,1373570.52104934,"Industrial",51930.3023787465,215560.976478078
"97",-178,-5,2016,"COK","Cook Islands","Lines_Longlines","Over 50m","KIR","Kiribati",71,"Pacific, Western Central",329685.147262361,1398345.76436995,"Industrial",46799.7415353848,198499.146513068
"98",-178,-4,2016,"COK","Cook Islands","Lines_Longlines","Over 50m","KIR","Kiribati",71,"Pacific, Western Central",413831.485316481,1755248.9381474,"Industrial",54454.1119001042,230964.838302048
"99",-177,-6,2016,"COK","Cook Islands","Lines_Longlines","Over 50m","KIR","Kiribati",71,"Pacific, Western Central",442310.535220998,1876041.63729672,"Industrial",68227.1328607598,289382.530705961
"100",-177,-5,2016,"COK","Cook Islands","Lines_Longlines","Over 50m","KIR","Kiribati",71,"Pacific, Western Central",436933.677247868,1853235.91906895,"Industrial",68329.6509536168,289817.356909411
"101",-177,-4,2016,"COK","Cook Islands","Lines_Longlines","Over 50m","KIR","Kiribati",71,"Pacific, Western Central",455856.406250121,1933495.88276565,"Industrial",71114.1656699591,301627.759627749
"102",-176,-10,2016,"COK","Cook Islands","Lines_Longlines","24-50m","NZL","New Zealand",71,"Pacific, Western Central",33837.342219165,143519.671913069,"Industrial",3003.39708890545,12738.7831476977
"103",-176,-9,2016,"COK","Cook Islands","Lines_Longlines","24-50m","NZL","New Zealand",71,"Pacific, Western Central",32923.1726419254,139642.25988264,"Industrial",2887.82713918101,12248.5980391856
"104",-175,-11,2016,"COK","Cook Islands","Lines_Longlines","24-50m","NZL","New Zealand",77,"Pacific, Eastern Central",20781.0989453777,88142.1620916904,"Industrial",1819.82718749645,7718.72090887931
"105",-175,-10,2016,"COK","Cook Islands","Lines_Longlines","24-50m","NZL","New Zealand",77,"Pacific, Eastern Central",106815.676482267,453054.224667349,"Industrial",9473.16249851627,40180.0225608794
"106",-175,-9,2016,"COK","Cook Islands","Lines_Longlines","24-50m","NZL","New Zealand",77,"Pacific, Eastern Central",75713.6182958234,321136.145586912,"Industrial",6639.67272253288,28161.8941752568
"107",-174,-11,2016,"COK","Cook Islands","Lines_Longlines","24-50m","NZL","New Zealand",77,"Pacific, Eastern Central",28346.6403418168,120231.08952662,"Industrial",2454.70651797131,10411.5350378369
"108",-174,-10,2016,"COK","Cook Islands","Lines_Longlines","24-50m","NZL","New Zealand",77,"Pacific, Eastern Central",91787.4882936856,389312.792958463,"Industrial",8009.789337462,33973.1864979115
"109",-174,-9,2016,"COK","Cook Islands","Lines_Longlines","24-50m","NZL","New Zealand",77,"Pacific, Eastern Central",39435.3703608768,167263.474161331,"Industrial",3482.21559914047,14769.6718342184
"110",-173,-12,2016,"COK","Cook Islands","Lines_Longlines","24-50m","USA","United States",77,"Pacific, Eastern Central",81623.152267741,346201.186786524,"Industrial",7363.81907401005,31233.3306405648
"111",-173,-12,2016,"COK","Cook Islands","Lines_Longlines","Over 50m","USA","United States",77,"Pacific, Eastern Central",194439.00531463,824704.909419678,"Industrial",28231.8039062621,119744.015587783
"112",-173,-11,2016,"COK","Cook Islands","Lines_Longlines","24-50m","NZL","New Zealand",77,"Pacific, Eastern Central",17078.9202053001,72439.5257942529,"Industrial",1476.6556363264,6263.17312634904
"113",-173,-10,2016,"COK","Cook Islands","Lines_Longlines","24-50m","NZL","New Zealand",77,"Pacific, Eastern Central",98284.4205837953,416869.259559136,"Industrial",8911.16970479007,37796.3536293576
"114",-172,-12,2016,"COK","Cook Islands","Lines_Longlines","24-50m","USA","United States",77,"Pacific, Eastern Central",9666.10430680794,40998.3771717404,"Industrial",924.382564930021,3920.72999060125
"115",-172,-10,2016,"COK","Cook Islands","Lines_Longlines","24-50m","NZL","New Zealand",77,"Pacific, Eastern Central",131253.935954055,556708.080185909,"Industrial",13771.0673480831,58409.4062378886
"116",-171,-13,2016,"COK","Cook Islands","Lines_Longlines","24-50m","USA","United States",77,"Pacific, Eastern Central",43900.123181195,186200.536528543,"Industrial",4454.3900502965,18893.1091115456
"117",-171,-12,2016,"COK","Cook Islands","Lines_Longlines","24-50m","USA","United States",77,"Pacific, Eastern Central",12092.4260782134,51289.5194940953,"Industrial",1175.83941444894,4987.27370167348
"118",-171,-10,2016,"COK","Cook Islands","Lines_Longlines","24-50m","NZL","New Zealand",77,"Pacific, Eastern Central",171924.783467655,729211.7790217,"Industrial",19101.1446146871,81016.7060553385
"119",-171,-9,2016,"COK","Cook Islands","Lines_Longlines","24-50m","NZL","New Zealand",77,"Pacific, Eastern Central",57851.4994138548,245374.715359676,"Industrial",6306.48230781514,26748.6809655685
"120",-170,-14,2016,"COK","Cook Islands","Lines_Longlines","24-50m","USA","United States",77,"Pacific, Eastern Central",8122.91539568055,34453.0059428072,"Industrial",942.504385975384,3997.59293669353
"121",-170,-10,2016,"COK","Cook Islands","Lines_Longlines","24-50m","NZL","New Zealand",77,"Pacific, Eastern Central",225580.652508658,956790.903620137,"Industrial",21411.4154423638,90815.6231532275
"122",-170,-9,2016,"COK","Cook Islands","Lines_Longlines","24-50m","NZL","New Zealand",77,"Pacific, Eastern Central",130155.736507497,552050.11316107,"Industrial",12021.9207039546,50990.4738977776
"123",-169,-14,2016,"COK","Cook Islands","Lines_Longlines","24-50m","USA","United States",77,"Pacific, Eastern Central",5927.84332816003,25142.6995684,"Industrial",619.101655919552,2625.89378216847
"124",-169,-10,2016,"COK","Cook Islands","Lines_Longlines","24-50m","NZL","New Zealand",77,"Pacific, Eastern Central",91463.718700471,387939.537769193,"Industrial",7932.943432948,33647.2478076835
"125",-169,-9,2016,"COK","Cook Islands","Lines_Longlines","24-50m","NZL","New Zealand",77,"Pacific, Eastern Central",53725.7927998517,227875.703297318,"Industrial",4682.70105762188,19861.4807009349
"126",-168,-12,2016,"COK","Cook Islands","Lines_Longlines","12-24m","NZL","New Zealand",77,"Pacific, Eastern Central",100639.162906968,426856.800645331,"Industrial",8333.35261878942,35345.5666239405
"127",-168,-12,2016,"COK","Cook Islands","Lines_Longlines","24-50m","NZL","New Zealand",77,"Pacific, Eastern Central",41537.4384718976,176179.308143758,"Industrial",3554.20931176617,15075.0301554755
"128",-168,-11,2016,"COK","Cook Islands","Lines_Longlines","12-24m","NZL","New Zealand",77,"Pacific, Eastern Central",136222.018358284,577779.993933562,"Industrial",11324.1627824165,48030.9628544672
"129",-168,-11,2016,"COK","Cook Islands","Lines_Longlines","24-50m","NZL","New Zealand",77,"Pacific, Eastern Central",104247.295096778,442160.542432926,"Industrial",8967.16939217682,38033.8739614489
"130",-168,-10,2016,"COK","Cook Islands","Lines_Longlines","12-24m","NZL","New Zealand",77,"Pacific, Eastern Central",100167.188973253,424854.942943874,"Industrial",8383.6120884791,35558.7400627309
"131",-168,-10,2016,"COK","Cook Islands","Lines_Longlines","24-50m","NZL","New Zealand",77,"Pacific, Eastern Central",123489.764394731,523776.671222003,"Industrial",10680.6997392166,45301.7412669651
"132",-168,-9,2016,"COK","Cook Islands","Lines_Longlines","24-50m","NZL","New Zealand",77,"Pacific, Eastern Central",35632.6981108274,151134.598844081,"Industrial",3146.5047305255,13345.7682247328
"133",-167,-13,2016,"COK","Cook Islands","Lines_Longlines","12-24m","NZL","New Zealand",77,"Pacific, Eastern Central",48293.172537421,204833.471651513,"Industrial",3999.07300075014,16961.9008876825
"134",-167,-13,2016,"COK","Cook Islands","Lines_Longlines","24-50m","NZL","New Zealand",77,"Pacific, Eastern Central",68305.6324992701,289715.483639774,"Industrial",5866.34096592263,24881.8398710568
"135",-167,-12,2016,"COK","Cook Islands","Lines_Longlines","12-24m","NZL","New Zealand",77,"Pacific, Eastern Central",98764.8651457699,418907.045076106,"Industrial",8279.28599615568,35116.2453051565
"136",-167,-12,2016,"COK","Cook Islands","Lines_Longlines","24-50m","NZL","New Zealand",77,"Pacific, Eastern Central",41350.4199027851,175386.07670416,"Industrial",3664.63669611479,15543.403288013
"137",-167,-11,2016,"COK","Cook Islands","Lines_Longlines","12-24m","NZL","New Zealand",77,"Pacific, Eastern Central",128894.153767623,546699.162730472,"Industrial",11033.5562990915,46798.367608881
"138",-167,-11,2016,"COK","Cook Islands","Lines_Longlines","24-50m","NZL","New Zealand",77,"Pacific, Eastern Central",67555.7887748178,286535.05284168,"Industrial",6223.55101781697,26396.9313673059
"139",-167,-10,2016,"COK","Cook Islands","Lines_Longlines","12-24m","NZL","New Zealand",77,"Pacific, Eastern Central",91096.4872228646,386381.94081489,"Industrial",7688.13340316839,32608.8963045592
"140",-167,-10,2016,"COK","Cook Islands","Lines_Longlines","24-50m","NZL","New Zealand",77,"Pacific, Eastern Central",127218.530143653,539592.075205561,"Industrial",11391.5996438595,48316.9934820044
"141",-167,-9,2016,"COK","Cook Islands","Lines_Longlines","24-50m","NZL","New Zealand",77,"Pacific, Eastern Central",40544.184806418,171966.46426043,"Industrial",3546.92497623486,15044.1339509572
"142",-167,-8,2016,"COK","Cook Islands","Lines_Longlines","24-50m","NZL","New Zealand",77,"Pacific, Eastern Central",21613.0398770586,91670.8047608616,"Industrial",1865.01504058245,7910.38329794501
"143",-166,-14,2016,"COK","Cook Islands","Lines_Longlines","12-24m","NZL","New Zealand",77,"Pacific, Eastern Central",42727.4070498373,181226.510101482,"Industrial",3601.96586723189,15277.5875882592
"144",-166,-14,2016,"COK","Cook Islands","Lines_Longlines","24-50m","NZL","New Zealand",77,"Pacific, Eastern Central",14894.7216035511,63175.3387701768,"Industrial",1302.69349172081,5525.31996526514
"145",-166,-13,2016,"COK","Cook Islands","Lines_Longlines","12-24m","NZL","New Zealand",77,"Pacific, Eastern Central",91224.0667451651,386923.064023232,"Industrial",7638.9676665296,32400.3618887631
"146",-166,-13,2016,"COK","Cook Islands","Lines_Longlines","24-50m","NZL","New Zealand",77,"Pacific, Eastern Central",41028.2690384965,174019.687285932,"Industrial",3618.92460813673,15349.5173785766
"147",-166,-12,2016,"COK","Cook Islands","Lines_Longlines","12-24m","NZL","New Zealand",77,"Pacific, Eastern Central",53817.1402931104,228263.149869736,"Industrial",4853.06454213593,20584.0702957398
"148",-166,-12,2016,"COK","Cook Islands","Lines_Longlines","24-50m","NZL","New Zealand",77,"Pacific, Eastern Central",55530.0353469968,235528.322605911,"Industrial",5558.902913631,23577.8542296108
"149",-166,-11,2016,"COK","Cook Islands","Lines_Longlines","12-24m","NZL","New Zealand",77,"Pacific, Eastern Central",43243.0770747627,183413.702946396,"Industrial",4144.48336712113,17578.6528754466
"150",-166,-11,2016,"COK","Cook Islands","Lines_Longlines","24-50m","NZL","New Zealand",77,"Pacific, Eastern Central",34417.851100195,145981.87605453,"Industrial",3786.52572676736,16060.3905140118
"151",-166,-10,2016,"COK","Cook Islands","Lines_Longlines","12-24m","NZL","New Zealand",77,"Pacific, Eastern Central",125157.831289324,530851.70719529,"Industrial",11065.8763657359,46935.4518198973
"152",-166,-10,2016,"COK","Cook Islands","Lines_Longlines","24-50m","NZL","New Zealand",77,"Pacific, Eastern Central",94965.3490490047,402791.556451019,"Industrial",9223.60375359974,39121.5295810977
"153",-166,-9,2016,"COK","Cook Islands","Lines_Longlines","24-50m","NZL","New Zealand",77,"Pacific, Eastern Central",63402.4891167138,268919.006036735,"Industrial",5541.05751713369,23502.1637266787
"154",-166,-8,2016,"COK","Cook Islands","Lines_Longlines","24-50m","NZL","New Zealand",77,"Pacific, Eastern Central",42657.4612846005,180929.838063428,"Industrial",3705.65067812134,15717.3623774504
"155",-165,-14,2016,"COK","Cook Islands","Lines_Longlines","12-24m","NZL","New Zealand",77,"Pacific, Eastern Central",72127.2071393967,305924.53265402,"Industrial",5996.27529159066,25432.9508794018
"156",-165,-14,2016,"COK","Cook Islands","Lines_Longlines","24-50m","NZL","New Zealand",77,"Pacific, Eastern Central",21493.2607908846,91162.7667761286,"Industrial",1865.32654731591,7911.7045407275
"157",-165,-13,2016,"COK","Cook Islands","Lines_Longlines","12-24m","NZL","New Zealand",77,"Pacific, Eastern Central",73076.9281895084,309952.73476984,"Industrial",6136.34850166669,26027.0655419457
"158",-165,-13,2016,"COK","Cook Islands","Lines_Longlines","24-50m","NZL","New Zealand",77,"Pacific, Eastern Central",30037.9968622733,127404.907474014,"Industrial",2693.66852226256,11425.0823854222
"159",-165,-12,2016,"COK","Cook Islands","Lines_Longlines","12-24m","NZL","New Zealand",77,"Pacific, Eastern Central",78934.8684046619,334798.943207836,"Industrial",7176.53424898994,30438.9698876697
"160",-165,-12,2016,"COK","Cook Islands","Lines_Longlines","24-50m","NZL","New Zealand",77,"Pacific, Eastern Central",58996.8994821681,250232.881847717,"Industrial",5998.80697004335,25443.6888876818
"161",-165,-11,2016,"COK","Cook Islands","Lines_Longlines","12-24m","NZL","New Zealand",77,"Pacific, Eastern Central",42927.2917997312,182074.312908788,"Industrial",4036.19042021232,17119.3328700459
"162",-165,-11,2016,"COK","Cook Islands","Lines_Longlines","24-50m","NZL","New Zealand",77,"Pacific, Eastern Central",45707.6794147165,193867.21069932,"Industrial",4877.22823847852,20686.5596032284
"163",-165,-10,2016,"COK","Cook Islands","Lines_Longlines","24-50m","NZL","New Zealand",77,"Pacific, Eastern Central",85521.306189188,362735.043619873,"Industrial",8017.08319542199,34004.1230914128
"164",-165,-9,2016,"COK","Cook Islands","Lines_Longlines","24-50m","NZL","New Zealand",77,"Pacific, Eastern Central",42531.5394171624,180395.74572886,"Industrial",3714.16695829673,15753.4838236554
"165",-165,-8,2016,"COK","Cook Islands","Lines_Longlines","24-50m","NZL","New Zealand",77,"Pacific, Eastern Central",28653.2775050277,121531.678230524,"Industrial",2482.60852680667,10529.8802414238
"166",-164,-15,2016,"COK","Cook Islands","Lines_Longlines","12-24m","NZL","New Zealand",77,"Pacific, Eastern Central",36875.2889315213,156404.995843735,"Industrial",3085.56238397953,13087.2838105243
"167",-164,-13,2016,"COK","Cook Islands","Lines_Longlines","12-24m","NZL","New Zealand",77,"Pacific, Eastern Central",116459.61391547,493958.581971731,"Industrial",10298.2425750058,43679.5651996838
"168",-164,-13,2016,"COK","Cook Islands","Lines_Longlines","24-50m","NZL","New Zealand",77,"Pacific, Eastern Central",59332.2537008071,251655.272741245,"Industrial",5784.30237738253,24533.876628695
"169",-164,-12,2016,"COK","Cook Islands","Lines_Longlines","12-24m","NZL","New Zealand",77,"Pacific, Eastern Central",37447.8847487094,158833.637055843,"Industrial",3230.41465291102,13701.6686513389
"170",-164,-12,2016,"COK","Cook Islands","Lines_Longlines","24-50m","NZL","New Zealand",77,"Pacific, Eastern Central",31058.9703727834,131735.323920769,"Industrial",2917.31786208696,12373.6817070614
"171",-164,-11,2016,"COK","Cook Islands","Lines_Longlines","12-24m","NZL","New Zealand",77,"Pacific, Eastern Central",24513.3928845349,103972.530746578,"Industrial",2063.85726015405,8753.76425648905
"172",-164,-11,2016,"COK","Cook Islands","Lines_Longlines","24-50m","NZL","New Zealand",77,"Pacific, Eastern Central",16560.4251153116,70240.3505540194,"Industrial",1486.09451615396,6303.2077403948
"173",-164,-10,2016,"COK","Cook Islands","Lines_Longlines","24-50m","NZL","New Zealand",77,"Pacific, Eastern Central",26985.4393483107,114457.612439372,"Industrial",2336.90197185227,9911.87198217007
"174",-164,-9,2016,"COK","Cook Islands","Lines_Longlines","24-50m","NZL","New Zealand",77,"Pacific, Eastern Central",22296.2390431565,94568.5654518335,"Industrial",1950.63178421037,8273.52313546998
"175",-164,-8,2016,"COK","Cook Islands","Lines_Longlines","24-50m","NZL","New Zealand",77,"Pacific, Eastern Central",10590.4317004982,44918.8731558356,"Industrial",921.06720199892,3906.66801738059
"176",-163,-13,2016,"COK","Cook Islands","Lines_Longlines","12-24m","NZL","New Zealand",77,"Pacific, Eastern Central",64571.5105771576,273877.361671629,"Industrial",5960.79310706584,25282.4546776382
"177",-163,-13,2016,"COK","Cook Islands","Lines_Longlines","24-50m","NZL","New Zealand",77,"Pacific, Eastern Central",42579.2738235945,180598.209217444,"Industrial",4439.77297659536,18831.111404742
"178",-163,-12,2016,"COK","Cook Islands","Lines_Longlines","12-24m","NZL","New Zealand",77,"Pacific, Eastern Central",22450.5303955069,95222.9857702175,"Industrial",1916.06737603999,8126.91964373142
"179",-163,-12,2016,"COK","Cook Islands","Lines_Longlines","24-50m","NZL","New Zealand",77,"Pacific, Eastern Central",40144.0388569443,170269.261950217,"Industrial",3696.88996756986,15680.2041900275
"180",-163,-11,2016,"COK","Cook Islands","Lines_Longlines","24-50m","NZL","New Zealand",77,"Pacific, Eastern Central",22128.4860714078,93857.0482377486,"Industrial",1901.06250636497,8063.2771165226
"181",-163,-10,2016,"COK","Cook Islands","Lines_Longlines","24-50m","NZL","New Zealand",77,"Pacific, Eastern Central",22979.9253427809,97468.3922992853,"Industrial",1982.31399824425,8407.90192131468
"182",-163,-9,2016,"COK","Cook Islands","Lines_Longlines","24-50m","NZL","New Zealand",77,"Pacific, Eastern Central",25363.1421858044,107576.706870597,"Industrial",2206.71323956826,9359.68191880286
"183",-162,-13,2016,"COK","Cook Islands","Lines_Longlines","24-50m","NZL","New Zealand",77,"Pacific, Eastern Central",30265.2155895305,128368.646203175,"Industrial",2816.14711675211,11944.5702217795
"184",-162,-12,2016,"COK","Cook Islands","Lines_Longlines","12-24m","NZL","New Zealand",77,"Pacific, Eastern Central",33600.8773606076,142516.716104681,"Industrial",2818.16274052188,11953.1194057036
"185",-162,-12,2016,"COK","Cook Islands","Lines_Longlines","24-50m","NZL","New Zealand",77,"Pacific, Eastern Central",15533.0323763798,65882.7072183722,"Industrial",1392.42232533685,5905.90106050324
"186",-162,-11,2016,"COK","Cook Islands","Lines_Longlines","24-50m","NZL","New Zealand",77,"Pacific, Eastern Central",19415.3116678217,82349.2324724467,"Industrial",1809.47302387576,7674.80415690303
"187",-162,-10,2016,"COK","Cook Islands","Lines_Longlines","24-50m","NZL","New Zealand",77,"Pacific, Eastern Central",21960.3014420186,93143.7001658337,"Industrial",2136.8092578183,9063.18710366072
"188",-162,-9,2016,"COK","Cook Islands","Lines_Longlines","24-50m","NZL","New Zealand",77,"Pacific, Eastern Central",16683.0304143883,70760.3758025841,"Industrial",1512.51543451901,6415.27096069245
"189",-161,-12,2016,"COK","Cook Islands","Lines_Longlines","24-50m","NZL","New Zealand",77,"Pacific, Eastern Central",17045.0197449834,72295.7384095687,"Industrial",1503.0184936223,6374.99008305008
"190",-160,-13,2016,"COK","Cook Islands","Lines_Longlines","24-50m","NZL","New Zealand",77,"Pacific, Eastern Central",29802.0124884666,126403.989621602,"Industrial",2601.90086838669,11035.8537193174
"191",-160,-12,2016,"COK","Cook Islands","Lines_Longlines","24-50m","NZL","New Zealand",77,"Pacific, Eastern Central",23266.146399276,98682.3869403752,"Industrial",2035.42971868017,8633.19002819419
"192",-160,-11,2016,"COK","Cook Islands","Lines_Longlines","24-50m","NZL","New Zealand",77,"Pacific, Eastern Central",29206.7195481825,123879.079511098,"Industrial",2738.98109277246,11617.2737582256
"193",-160,-10,2016,"COK","Cook Islands","Lines_Longlines","24-50m","NZL","New Zealand",77,"Pacific, Eastern Central",21261.7622114881,90180.8752331072,"Industrial",2080.75495589157,8825.43512628223
"194",-159,-12,2016,"COK","Cook Islands","Lines_Longlines","24-50m","NZL","New Zealand",77,"Pacific, Eastern Central",13930.9311448105,59087.4618460535,"Industrial",1217.34746685408,5163.32837004403
"195",-159,-11,2016,"COK","Cook Islands","Lines_Longlines","24-50m","NZL","New Zealand",77,"Pacific, Eastern Central",41174.7230005947,174640.865641329,"Industrial",3571.43872731293,15148.1080009667
"196",-159,-10,2016,"COK","Cook Islands","Lines_Longlines","24-50m","NZL","New Zealand",77,"Pacific, Eastern Central",33848.4841742995,143566.930049805,"Industrial",3092.13162132426,13115.1469559903
"197",174,4,2016,"COK","Cook Islands","Lines_Longlines","Over 50m","KIR","Kiribati",71,"Pacific, Western Central",139093.178170215,589957.898201261,"Industrial",20575.4009078459,87269.7024679849
"198",175,-4,2016,"COK","Cook Islands","Lines_Longlines","Over 50m","KIR","Kiribati",71,"Pacific, Western Central",177826.419196324,754243.320152882,"Industrial",25926.1773016718,109964.796767889
"199",175,-3,2016,"COK","Cook Islands","Lines_Longlines","Over 50m","KIR","Kiribati",71,"Pacific, Western Central",413177.170158431,1752473.6877686,"Industrial",61113.203545452,259209.097026307
"200",175,4,2016,"COK","Cook Islands","Lines_Longlines","Over 50m","KIR","Kiribati",71,"Pacific, Western Central",68249.1663938866,289475.985015255,"Industrial",10562.9753478656,44802.4181843947
"201",176,-4,2016,"COK","Cook Islands","Lines_Longlines","Over 50m","KIR","Kiribati",71,"Pacific, Western Central",146546.897688382,621572.537815996,"Industrial",20630.1333627563,87501.8478865244
"202",176,-3,2016,"COK","Cook Islands","Lines_Longlines","Over 50m","KIR","Kiribati",71,"Pacific, Western Central",320399.940812229,1358962.9495278,"Industrial",49718.1539248215,210877.470612109
"203",176,4,2016,"COK","Cook Islands","Lines_Longlines","Over 50m","KIR","Kiribati",71,"Pacific, Western Central",86321.9942893927,366131.128711361,"Industrial",12710.1513825792,53909.5755387086
"204",177,-4,2016,"COK","Cook Islands","Lines_Longlines","Over 50m","KIR","Kiribati",71,"Pacific, Western Central",174381.74270411,739632.868870771,"Industrial",24630.7124586932,104470.136813955
"205",177,-3,2016,"COK","Cook Islands","Lines_Longlines","Over 50m","KIR","Kiribati",71,"Pacific, Western Central",111952.174056907,474840.464317015,"Industrial",17119.3988503387,72611.2142743288
"206",177,0,2016,"COK","Cook Islands","Lines_Longlines","Over 50m","KIR","Kiribati",71,"Pacific, Western Central",146120.436457127,619763.720338636,"Industrial",21605.1143235888,91637.1888572731
"207",177,1,2016,"COK","Cook Islands","Lines_Longlines","Over 50m","KIR","Kiribati",71,"Pacific, Western Central",318339.982961004,1350225.7244512,"Industrial",50052.3333492752,212294.878665231
"208",178,-4,2016,"COK","Cook Islands","Lines_Longlines","Over 50m","KIR","Kiribati",71,"Pacific, Western Central",890495.490526868,3776999.38170964,"Industrial",129980.442005501,551306.608861835
"209",178,-3,2016,"COK","Cook Islands","Lines_Longlines","Over 50m","KIR","Kiribati",71,"Pacific, Western Central",382868.495995033,1623920.71384185,"Industrial",56328.2360667941,238913.857577425
"210",178,-2,2016,"COK","Cook Islands","Lines_Longlines","Over 50m","KIR","Kiribati",71,"Pacific, Western Central",167396.759117106,710006.353105087,"Industrial",24747.6549146867,104966.143350408
"211",178,1,2016,"COK","Cook Islands","Lines_Longlines","Over 50m","KIR","Kiribati",71,"Pacific, Western Central",226998.927160937,962806.456244193,"Industrial",35006.450795231,148478.397045231
"212",179,-4,2016,"COK","Cook Islands","Lines_Longlines","Over 50m","KIR","Kiribati",71,"Pacific, Western Central",380638.828882261,1614463.6740298,"Industrial",60087.7556240966,254859.702553076
"213",179,-2,2016,"COK","Cook Islands","Lines_Longlines","Over 50m","KIR","Kiribati",71,"Pacific, Western Central",172506.851295626,731680.595371411,"Industrial",26885.8216019289,114035.087934201
"214",-175,-11,2017,"COK","Cook Islands","Lines_Longlines","24-50m","NZL","New Zealand",77,"Pacific, Eastern Central",147379.071009027,638729.393375379,"Industrial",12906.1721420586,55934.342961019
"215",-175,-10,2017,"COK","Cook Islands","Lines_Longlines","24-50m","NZL","New Zealand",77,"Pacific, Eastern Central",517435.800156553,2242526.38099785,"Industrial",45889.8317069272,198882.949713182
"216",-175,-9,2017,"COK","Cook Islands","Lines_Longlines","24-50m","NZL","New Zealand",77,"Pacific, Eastern Central",211027.805436498,914578.041705365,"Industrial",18505.9913261335,80203.5223361347
"217",-174,-11,2017,"COK","Cook Islands","Lines_Longlines","24-50m","NZL","New Zealand",77,"Pacific, Eastern Central",352250.89312141,1526627.88372165,"Industrial",30503.528914881,132199.914046255
"218",-174,-10,2017,"COK","Cook Islands","Lines_Longlines","24-50m","NZL","New Zealand",77,"Pacific, Eastern Central",629686.069478001,2729010.28905234,"Industrial",54949.2404576477,238145.720309238
"219",-174,-9,2017,"COK","Cook Islands","Lines_Longlines","24-50m","NZL","New Zealand",77,"Pacific, Eastern Central",153451.447582768,665046.599602406,"Industrial",13550.044530925,58724.8356513048
"220",-173,-12,2017,"COK","Cook Islands","Lines_Longlines","24-50m","USA","United States",77,"Pacific, Eastern Central",155950.590156121,675877.688500631,"Industrial",14069.4386150121,60975.8490820476
"221",-173,-11,2017,"COK","Cook Islands","Lines_Longlines","24-50m","NZL","New Zealand",77,"Pacific, Eastern Central",97553.5754888845,422789.583805952,"Industrial",8434.55179588872,36554.689313052
"222",-173,-10,2017,"COK","Cook Islands","Lines_Longlines","24-50m","NZL","New Zealand",77,"Pacific, Eastern Central",278432.799376773,1206706.025653,"Industrial",25244.7123551062,109408.613435521
"223",-172,-12,2017,"COK","Cook Islands","Lines_Longlines","24-50m","USA","United States",77,"Pacific, Eastern Central",60069.1617258648,260335.059564726,"Industrial",5744.49478578903,24896.1921435257
"224",-172,-10,2017,"COK","Cook Islands","Lines_Longlines","24-50m","NZL","New Zealand",77,"Pacific, Eastern Central",329011.222019398,1425908.96261838,"Industrial",34519.617745332,149605.329651422
"225",-171,-14,2017,"COK","Cook Islands","Lines_Longlines","24-50m","USA","United States",77,"Pacific, Eastern Central",76223.0144992357,330344.596956765,"Industrial",9084.35462447163,39370.8840663012
"226",-171,-13,2017,"COK","Cook Islands","Lines_Longlines","24-50m","USA","United States",77,"Pacific, Eastern Central",62225.5237037358,269680.564110205,"Industrial",6313.80355167524,27363.5319102114
"227",-171,-10,2017,"COK","Cook Islands","Lines_Longlines","24-50m","NZL","New Zealand",77,"Pacific, Eastern Central",311825.108560733,1351425.6879663,"Industrial",34644.3158047055,150145.761310228
"228",-171,-9,2017,"COK","Cook Islands","Lines_Longlines","24-50m","NZL","New Zealand",77,"Pacific, Eastern Central",139180.929323402,603199.287032504,"Industrial",15172.3304885179,65755.6964002588
"229",-170,-14,2017,"COK","Cook Islands","Lines_Longlines","24-50m","USA","United States",77,"Pacific, Eastern Central",116697.129206752,505756.251797186,"Industrial",13540.4039991094,58683.0543386919
"230",-170,-10,2017,"COK","Cook Islands","Lines_Longlines","24-50m","NZL","New Zealand",77,"Pacific, Eastern Central",409676.706537415,1775506.87797888,"Industrial",38885.2415452397,168525.602539079
"231",-170,-9,2017,"COK","Cook Islands","Lines_Longlines","24-50m","NZL","New Zealand",77,"Pacific, Eastern Central",446187.424996188,1933741.48275152,"Industrial",41212.3966744785,178611.311275145
"232",-169,-14,2017,"COK","Cook Islands","Lines_Longlines","24-50m","USA","United States",77,"Pacific, Eastern Central",52706.4927090596,228425.826574381,"Industrial",5504.6456371206,23856.7046492586
"233",-169,-13,2017,"COK","Cook Islands","Lines_Longlines","24-50m","USA","United States",77,"Pacific, Eastern Central",41128.3523893706,178247.069901685,"Industrial",3796.28127410619,16452.7868081326
"234",-169,-10,2017,"COK","Cook Islands","Lines_Longlines","24-50m","NZL","New Zealand",77,"Pacific, Eastern Central",255343.940281478,1106640.71201859,"Industrial",22146.8038144462,95982.5195582774
"235",-169,-9,2017,"COK","Cook Islands","Lines_Longlines","24-50m","NZL","New Zealand",77,"Pacific, Eastern Central",160993.291095156,697732.360875149,"Industrial",14032.0582571914,60813.8455281407
"236",-168,-13,2017,"COK","Cook Islands","Lines_Longlines","24-50m","USA","United States",77,"Pacific, Eastern Central",100237.886399299,434423.177827823,"Industrial",8713.24388742073,37762.5190906725
"237",-168,-12,2017,"COK","Cook Islands","Lines_Longlines","12-24m","NZL","New Zealand",77,"Pacific, Eastern Central",371573.96799369,1610372.5823876,"Industrial",30767.9119123496,133345.729326781
"238",-168,-12,2017,"COK","Cook Islands","Lines_Longlines","24-50m","NZL","New Zealand",77,"Pacific, Eastern Central",198415.230029218,859916.124082745,"Industrial",16977.6780685016,73579.9319358735
"239",-168,-11,2017,"COK","Cook Islands","Lines_Longlines","12-24m","NZL","New Zealand",77,"Pacific, Eastern Central",328893.56747887,1425399.05702062,"Industrial",27340.9859955575,118493.699815475
"240",-168,-11,2017,"COK","Cook Islands","Lines_Longlines","24-50m","NZL","New Zealand",77,"Pacific, Eastern Central",530992.854828586,2301281.5980537,"Industrial",45675.0735917237,197952.204800032
"241",-168,-10,2017,"COK","Cook Islands","Lines_Longlines","24-50m","NZL","New Zealand",77,"Pacific, Eastern Central",592073.397475968,2565999.90361155,"Industrial",51208.7638438192,221934.786544164
"242",-168,-9,2017,"COK","Cook Islands","Lines_Longlines","24-50m","NZL","New Zealand",77,"Pacific, Eastern Central",69406.1704028752,300800.926579468,"Industrial",6128.83264750436,26561.8824453025
"243",-167,-13,2017,"COK","Cook Islands","Lines_Longlines","24-50m","NZL","New Zealand",77,"Pacific, Eastern Central",299203.689151389,1296725.44112886,"Industrial",25696.7221384375,111367.588564963
"244",-167,-12,2017,"COK","Cook Islands","Lines_Longlines","12-24m","NZL","New Zealand",77,"Pacific, Eastern Central",332014.48355098,1438924.86374383,"Industrial",27832.1937677675,120622.555969994
"245",-167,-12,2017,"COK","Cook Islands","Lines_Longlines","24-50m","NZL","New Zealand",77,"Pacific, Eastern Central",206230.068447591,893785.023975517,"Industrial",18276.9190361814,79210.7409065974
"246",-167,-11,2017,"COK","Cook Islands","Lines_Longlines","12-24m","NZL","New Zealand",77,"Pacific, Eastern Central",279028.094671986,1209285.98900999,"Industrial",23885.2740919652,103516.914083623
"247",-167,-11,2017,"COK","Cook Islands","Lines_Longlines","24-50m","NZL","New Zealand",77,"Pacific, Eastern Central",500709.575802799,2170036.22984009,"Industrial",46127.6767932552,199913.751757648
"248",-167,-10,2017,"COK","Cook Islands","Lines_Longlines","12-24m","NZL","New Zealand",77,"Pacific, Eastern Central",180277.787839596,781309.864945393,"Industrial",15214.6336789925,65939.0351267463
"249",-167,-10,2017,"COK","Cook Islands","Lines_Longlines","24-50m","NZL","New Zealand",77,"Pacific, Eastern Central",398515.530735626,1727135.21298992,"Industrial",35684.4979491135,154653.829555936
"250",-167,-9,2017,"COK","Cook Islands","Lines_Longlines","24-50m","NZL","New Zealand",77,"Pacific, Eastern Central",57115.7644814427,247535.26636878,"Industrial",4996.65568670919,21655.1158439716
"251",-166,-14,2017,"COK","Cook Islands","Lines_Longlines","24-50m","NZL","New Zealand",77,"Pacific, Eastern Central",221801.819657841,961271.778615908,"Industrial",19398.8041274444,84072.9033484776
"252",-166,-13,2017,"COK","Cook Islands","Lines_Longlines","12-24m","NZL","New Zealand",77,"Pacific, Eastern Central",494956.409182815,2145102.45464386,"Industrial",41446.9135283262,179627.689019753
"253",-166,-13,2017,"COK","Cook Islands","Lines_Longlines","24-50m","NZL","New Zealand",77,"Pacific, Eastern Central",423503.907608761,1835432.88844912,"Industrial",37355.4319693418,161895.527212215
"254",-166,-12,2017,"COK","Cook Islands","Lines_Longlines","24-50m","NZL","New Zealand",77,"Pacific, Eastern Central",312765.903176396,1355503.01841789,"Industrial",31309.8178235849,135694.307259726
"255",-166,-11,2017,"COK","Cook Islands","Lines_Longlines","12-24m","NZL","New Zealand",77,"Pacific, Eastern Central",86930.9689774111,376752.036095238,"Industrial",8331.5984750972,36108.4976544608
"256",-166,-11,2017,"COK","Cook Islands","Lines_Longlines","24-50m","NZL","New Zealand",77,"Pacific, Eastern Central",118795.956779314,514852.406719615,"Industrial",13069.4953985162,56642.1732099617
"257",-166,-10,2017,"COK","Cook Islands","Lines_Longlines","24-50m","NZL","New Zealand",77,"Pacific, Eastern Central",400113.6677631,1734061.41416015,"Industrial",38861.4369852091,168422.435433439
"258",-166,-9,2017,"COK","Cook Islands","Lines_Longlines","24-50m","NZL","New Zealand",77,"Pacific, Eastern Central",73568.9454772228,318842.068919369,"Industrial",6429.55448663453,27865.1874299742
"259",-165,-14,2017,"COK","Cook Islands","Lines_Longlines","12-24m","NZL","New Zealand",77,"Pacific, Eastern Central",186205.663812023,807000.81684209,"Industrial",15480.1560375461,67089.7883093075
"260",-165,-14,2017,"COK","Cook Islands","Lines_Longlines","24-50m","NZL","New Zealand",77,"Pacific, Eastern Central",120626.169180401,522784.404449623,"Industrial",10468.7324023281,45370.6693288808
"261",-165,-13,2017,"COK","Cook Islands","Lines_Longlines","12-24m","NZL","New Zealand",77,"Pacific, Eastern Central",364466.756007591,1579570.48023435,"Industrial",30604.6667196336,132638.237400003
"262",-165,-13,2017,"COK","Cook Islands","Lines_Longlines","24-50m","NZL","New Zealand",77,"Pacific, Eastern Central",234124.449007533,1014677.09265019,"Industrial",20995.1968992892,90991.5450509129
"263",-165,-12,2017,"COK","Cook Islands","Lines_Longlines","12-24m","NZL","New Zealand",77,"Pacific, Eastern Central",157522.196631679,682688.908329099,"Industrial",14321.4711312119,62068.1383404952
"264",-165,-12,2017,"COK","Cook Islands","Lines_Longlines","24-50m","NZL","New Zealand",77,"Pacific, Eastern Central",157690.660444411,683419.017347802,"Industrial",16033.992316335,69490.0715242725
"265",-165,-11,2017,"COK","Cook Islands","Lines_Longlines","12-24m","NZL","New Zealand",77,"Pacific, Eastern Central",84083.9069697836,364413.09151794,"Industrial",7905.89495812522,34263.5318306728
"266",-165,-11,2017,"COK","Cook Islands","Lines_Longlines","24-50m","NZL","New Zealand",77,"Pacific, Eastern Central",140542.02577945,609098.172863068,"Industrial",14996.5070553071,64993.6913606896
"267",-165,-10,2017,"COK","Cook Islands","Lines_Longlines","24-50m","NZL","New Zealand",77,"Pacific, Eastern Central",457059.323239176,1980859.44137372,"Industrial",42846.4295382219,185693.082198714
"268",-165,-9,2017,"COK","Cook Islands","Lines_Longlines","24-50m","NZL","New Zealand",77,"Pacific, Eastern Central",69948.7617402757,303152.475095928,"Industrial",6108.44054059015,26473.5046451862
"269",-164,-14,2017,"COK","Cook Islands","Lines_Longlines","12-24m","NZL","New Zealand",77,"Pacific, Eastern Central",310710.837352853,1346596.52350087,"Industrial",26709.4170947477,115756.529482353
"270",-164,-14,2017,"COK","Cook Islands","Lines_Longlines","24-50m","NZL","New Zealand",77,"Pacific, Eastern Central",253761.430326113,1099782.23735946,"Industrial",23495.0818449039,101825.851332589
"271",-164,-13,2017,"COK","Cook Islands","Lines_Longlines","12-24m","NZL","New Zealand",77,"Pacific, Eastern Central",392576.552920049,1701396.14657132,"Industrial",34714.5970633622,150450.354801015
"272",-164,-13,2017,"COK","Cook Islands","Lines_Longlines","24-50m","NZL","New Zealand",77,"Pacific, Eastern Central",314854.833093921,1364556.27767574,"Industrial",30695.2027944082,133030.613683307
"273",-164,-12,2017,"COK","Cook Islands","Lines_Longlines","12-24m","NZL","New Zealand",77,"Pacific, Eastern Central",174320.530864289,755491.578074891,"Industrial",15037.6343279745,65171.9337511609
"274",-164,-12,2017,"COK","Cook Islands","Lines_Longlines","24-50m","NZL","New Zealand",77,"Pacific, Eastern Central",197649.752626437,856598.604751314,"Industrial",18564.9152838449,80458.8941708639
"275",-164,-11,2017,"COK","Cook Islands","Lines_Longlines","24-50m","NZL","New Zealand",77,"Pacific, Eastern Central",143831.362643555,623353.902156467,"Industrial",12907.0961516508,55938.3475464888
"276",-164,-10,2017,"COK","Cook Islands","Lines_Longlines","24-50m","NZL","New Zealand",77,"Pacific, Eastern Central",132111.64913016,572561.578309578,"Industrial",11440.6873044389,49583.0460304237
"277",-164,-9,2017,"COK","Cook Islands","Lines_Longlines","24-50m","NZL","New Zealand",77,"Pacific, Eastern Central",64630.9013825748,280105.283272327,"Industrial",5654.36575356917,24505.5799508909
"278",-163,-15,2017,"COK","Cook Islands","Lines_Longlines","12-24m","NZL","New Zealand",77,"Pacific, Eastern Central",267369.114884178,1158756.88039059,"Industrial",22335.4794847861,96800.2251906706
"279",-163,-15,2017,"COK","Cook Islands","Lines_Longlines","24-50m","NZL","New Zealand",77,"Pacific, Eastern Central",152201.267139791,659628.415117423,"Industrial",13312.792558095,57696.6041144567
"280",-163,-14,2017,"COK","Cook Islands","Lines_Longlines","12-24m","NZL","New Zealand",77,"Pacific, Eastern Central",187301.699214185,811750.948748523,"Industrial",16617.450309924,72018.7329397209
"281",-163,-14,2017,"COK","Cook Islands","Lines_Longlines","24-50m","NZL","New Zealand",77,"Pacific, Eastern Central",99269.4382093765,430225.998943269,"Industrial",9699.20522862539,42035.5986062888
"282",-163,-13,2017,"COK","Cook Islands","Lines_Longlines","12-24m","NZL","New Zealand",77,"Pacific, Eastern Central",245070.167760721,1062114.9836032,"Industrial",22623.1747357068,98047.0739585412
"283",-163,-13,2017,"COK","Cook Islands","Lines_Longlines","24-50m","NZL","New Zealand",77,"Pacific, Eastern Central",123874.438234469,536862.14905895,"Industrial",12916.4810476304,55979.0209533362
"284",-163,-12,2017,"COK","Cook Islands","Lines_Longlines","12-24m","NZL","New Zealand",77,"Pacific, Eastern Central",155416.978366542,673565.05664373,"Industrial",13264.247956941,57486.2156011189
"285",-163,-12,2017,"COK","Cook Islands","Lines_Longlines","24-50m","NZL","New Zealand",77,"Pacific, Eastern Central",187426.685491384,812292.629520896,"Industrial",17260.2421923002,74804.5427991928
"286",-163,-11,2017,"COK","Cook Islands","Lines_Longlines","24-50m","NZL","New Zealand",77,"Pacific, Eastern Central",205328.178668428,889876.304049463,"Industrial",17639.7834315071,76449.4449133111
"287",-162,-15,2017,"COK","Cook Islands","Lines_Longlines","12-24m","NZL","New Zealand",77,"Pacific, Eastern Central",102502.595623782,444238.250885501,"Industrial",8589.28169104131,37225.2766046614
"288",-162,-15,2017,"COK","Cook Islands","Lines_Longlines","24-50m","NZL","New Zealand",77,"Pacific, Eastern Central",125559.515916222,544165.144240613,"Industrial",10973.6776621825,47559.0626828787
"289",-162,-14,2017,"COK","Cook Islands","Lines_Longlines","12-24m","NZL","New Zealand",77,"Pacific, Eastern Central",75673.8250188072,327964.452603292,"Industrial",6423.07658159504,27837.1126950211
"290",-162,-14,2017,"COK","Cook Islands","Lines_Longlines","24-50m","NZL","New Zealand",77,"Pacific, Eastern Central",62357.1531825112,270251.035999822,"Industrial",5647.07870954015,24473.9984706965
"291",-162,-13,2017,"COK","Cook Islands","Lines_Longlines","12-24m","NZL","New Zealand",77,"Pacific, Eastern Central",102989.917440457,446350.265611963,"Industrial",8860.58272495841,38401.0741153226
"292",-162,-12,2017,"COK","Cook Islands","Lines_Longlines","24-50m","NZL","New Zealand",77,"Pacific, Eastern Central",88327.7486942098,382805.570393437,"Industrial",7917.93426089703,34315.7092294272
"293",-162,-11,2017,"COK","Cook Islands","Lines_Longlines","24-50m","NZL","New Zealand",77,"Pacific, Eastern Central",116354.289706848,504270.41215727,"Industrial",10844.0159003838,46997.1187250926
